Div,Date,HomeTeam,AwayTeam,FTHG,FTAG,FTR,HTHG,HTAG,HTR,B365H,B365D,B365A,BWH,BWD,BWA,IWH,IWD,IWA,LBH,LBD,LBA,PSH,PSD,PSA,WHH,WHD,WHA,VCH,VCD,VCA,Bb1X2,BbMxH,BbAvH,BbMxD,BbAvD,BbMxA,BbAvA,BbOU,BbMx>2.5,BbAv>2.5,BbMx<2.5,BbAv<2.5,BbAH,BbAHh,BbMxAHH,BbAvAHH,BbMxAHA,BbAvAHA
B1,24/02/17,Club Brugge,Waregem,,,,,,,1.36,4.5,9.5,1.36,5,8.5,1.45,4,7,1.36,4.75,8.5,1.38,5.13,9.32,1.36,4.5,7.5,1.36,5,8,47,1.45,1.36,5.13,4.79,9.71,8.28,37,1.67,1.62,2.4,2.25,22,-1.5,2.13,2.06,1.82,1.77
B1,25/02/17,Charleroi,St Truiden,,,,,,,1.67,3.75,5,1.75,3.5,5.25,1.7,3.6,4.7,1.73,3.5,5,1.73,3.81,5.4,1.73,3.4,4.5,1.75,3.6,4.75,45,1.8,1.72,3.82,3.59,5.4,4.84,42,2.13,2.04,1.81,1.75,20,-0.75,2.04,1.98,1.93,1.85
B1,25/02/17,Kortrijk,Waasland-Beveren,,,,,,,2.05,3.4,3.6,2.05,3.4,3.8,1.9,3.45,3.8,2.05,3.3,3.6,2.1,3.49,3.83,2,3.3,3.5,2.05,3.4,3.6,47,2.13,2.05,3.52,3.33,3.83,3.59,43,1.99,1.9,1.97,1.87,21,-0.25,1.82,1.77,2.14,2.07
B1,25/02/17,Lokeren,Eupen,,,,,,,1.95,3.5,3.75,2,3.5,3.75,2,3.3,3.6,1.95,3.3,3.8,2.02,3.53,4.04,2.05,3.4,3.25,2,3.5,3.6,48,2.15,1.99,3.55,3.4,4.04,3.66,44,1.96,1.87,2,1.9,21,-0.5,2.08,1.99,1.91,1.84
B1,25/02/17,Westerlo,Oostende,,,,,,,3.5,3.4,2.05,3.6,3.4,2.1,3.3,3.3,2.1,3.4,3.5,2.05,3.49,3.74,2.12,3.25,3.4,2.05,3.4,3.6,2.05,46,3.65,3.4,3.74,3.47,2.12,2.06,41,1.8,1.71,2.16,2.1,20,0.5,1.84,1.79,2.12,2.05
B1,26/02/17,Anderlecht,Genk,,,,,,,1.55,4,6,1.57,4,6.25,1.55,3.9,5.6,1.57,4,5.25,1.61,4.41,5.7,1.6,3.8,5,1.57,4.2,5.4,45,1.61,1.57,4.41,4.08,6.25,5.43,36,1.65,1.61,2.37,2.24,21,-1,2.04,1.97,1.89,1.85
B1,26/02/17,Gent,Mouscron,,,,,,,1.3,5.25,9.5,1.3,5.75,9.5,1.33,5,8,1.33,4.75,9,1.34,5.43,10.28,1.36,4.5,7.5,1.3,5,10,45,1.36,1.32,5.75,4.97,10.28,9.14,40,1.75,1.71,2.19,2.1,22,-1.5,2.06,1.99,1.88,1.83
B1,26/02/17,Standard,Mechelen,,,,,,,1.6,4,5.25,1.62,4,5.5,1.7,3.6,4.7,1.62,3.8,5.25,1.65,4.11,5.73,1.62,3.8,4.8,1.62,4,5.25,44,1.7,1.61,4.12,3.9,5.73,5.2,36,1.73,1.66,2.25,2.15,21,-1,2.13,2.05,1.83,1.78
D1,24/02/17,Wolfsburg,Werder Bremen,,,,,,,1.91,3.5,4.2,1.91,3.75,4.1,2,3.4,3.8,1.91,3.6,3.8,1.94,3.8,4.14,1.95,3.6,4,1.95,3.75,3.9,48,2,1.92,3.8,3.67,4.2,3.99,45,1.76,1.68,2.32,2.18,25,-0.5,1.95,1.91,2,1.95
D1,25/02/17,Bayern Munich,Hamburg,,,,,,,1.14,8.5,19,1.16,8,16.5,1.17,7.5,15,1.17,7.5,19,1.17,8.52,21.03,1.14,8.5,21,1.15,8.5,18,46,1.18,1.15,8.75,7.8,22.78,18.99,35,1.48,1.45,2.86,2.7,22,-2.25,2.1,2.04,1.86,1.83
D1,25/02/17,Darmstadt,Augsburg,,,,,,,2.8,3.25,2.6,2.85,3.1,2.65,2.7,3.2,2.7,2.8,3,2.62,2.98,3.18,2.7,2.9,3.1,2.7,2.88,3.25,2.6,47,3,2.87,3.28,3.1,2.72,2.64,42,2.5,2.41,1.61,1.56,23,0,2.07,2.01,1.9,1.84
D1,25/02/17,Freiburg,Dortmund,,,,,,,5.75,4.2,1.57,5.75,4.2,1.57,5.5,4,1.6,5.25,4.2,1.57,5.6,4.54,1.61,5.5,4.33,1.6,5.75,4.5,1.57,48,5.83,5.46,4.55,4.3,1.63,1.58,41,1.61,1.56,2.5,2.4,25,1,1.97,1.9,2.01,1.95
D1,25/02/17,Hertha,Ein Frankfurt,,,,,,,2.05,3.2,4,2.1,3.25,3.7,2,3.4,3.8,2.05,3.1,3.8,2.12,3.25,4.16,2.15,3.1,4,2.15,3.2,3.8,47,2.15,2.1,3.4,3.19,4.16,3.89,42,2.62,2.53,1.58,1.52,23,-0.25,1.84,1.8,2.16,2.08
D1,25/02/17,Leverkusen,Mainz,,,,,,,1.73,3.8,4.75,1.72,3.75,5,1.7,3.9,4.7,1.7,3.75,4.75,1.74,3.97,5.16,1.73,3.8,5,1.73,4,4.75,47,1.78,1.72,4.04,3.84,5.16,4.83,44,1.77,1.72,2.19,2.11,23,-0.5,1.74,1.71,2.26,2.19
D1,25/02/17,RB Leipzig,FC Koln,,,,,,,1.67,3.75,5.5,1.67,3.8,5.25,1.7,3.7,5,1.67,3.6,5.5,1.7,3.83,5.85,1.7,3.75,5.5,1.7,3.8,5.5,47,1.73,1.68,3.88,3.75,5.85,5.44,45,2.13,2.04,1.86,1.77,23,-0.75,1.91,1.86,2.04,2
D1,26/02/17,Ingolstadt,M'gladbach,,,,,,,2.7,3.1,2.8,2.7,3.2,2.75,2.6,3.25,2.75,2.62,3,2.8,2.77,3.19,2.89,2.7,3.1,2.9,2.7,3.2,2.8,46,2.8,2.7,3.28,3.1,2.9,2.8,43,2.42,2.33,1.65,1.59,24,0,1.93,1.89,2.02,1.96
D1,26/02/17,Schalke 04,Hoffenheim,,,,,,,2.05,3.4,3.8,2.05,3.5,3.6,2,3.4,3.8,2,3.4,3.6,2.07,3.63,3.82,2.05,3.6,3.6,2.05,3.6,3.6,47,2.11,2.04,3.72,3.52,3.82,3.66,44,1.89,1.83,2.04,1.98,23,-0.5,2.08,2.03,1.88,1.84
D2,24/02/17,Sandhausen,Braunschweig,,,,,,,2.5,3,3,2.55,3.1,2.9,2.6,3.2,2.6,2.5,3.1,2.9,2.61,3.22,3.02,2.38,3.1,3,2.55,3.2,2.9,47,2.63,2.51,3.22,3.08,3.09,2.92,43,2.42,2.28,1.67,1.6,24,0,1.83,1.78,2.16,2.05
D2,24/02/17,Union Berlin,Munich 1860,,,,,,,1.75,3.6,4.6,1.78,3.8,4.33,1.8,3.5,4.2,1.75,3.5,4.5,1.81,3.76,4.84,1.8,3.6,4,1.83,3.6,4.33,48,1.85,1.78,3.8,3.6,4.84,4.44,46,1.86,1.78,2.08,2.01,22,-0.5,1.83,1.77,2.14,2.07
D2,24/02/17,Wurzburger Kickers,Greuther Furth,,,,,,,2.15,3.1,3.6,2.15,3,3.8,2.2,3.2,3.2,2.2,2.9,3.75,2.24,3.07,3.94,2.2,2.88,3.6,2.2,3.1,3.7,48,2.3,2.2,3.2,2.98,3.94,3.64,40,2.9,2.71,1.5,1.43,22,-0.25,1.92,1.86,2.03,1.95
D2,25/02/17,Fortuna Dusseldorf,Heidenheim,,,,,,,2.55,3.1,2.88,2.65,3.2,2.7,2.5,3.2,2.75,2.62,3,2.88,2.7,3.15,2.96,2.5,3,2.88,2.63,3.1,2.88,46,2.7,2.59,3.2,3.04,2.96,2.83,39,2.5,2.39,1.6,1.54,21,0,1.88,1.82,2.08,2
D2,25/02/17,Hannover,Bielefeld,,,,,,,1.57,4,5.5,1.6,4.1,5.25,1.5,4,6.1,1.62,3.8,5.25,1.63,4.18,5.78,1.57,3.8,5.5,1.65,4,5.2,46,1.67,1.6,4.6,3.94,6.1,5.23,43,1.78,1.71,2.15,2.08,20,-0.75,1.86,1.81,2.08,2.02
D2,26/02/17,Erzgebirge Aue,Dresden,,,,,,,3.3,3.1,2.3,3.1,3.2,2.35,2.6,3.2,2.6,3.2,3.2,2.3,3.3,3.34,2.36,3.1,3.1,2.3,3.13,3.25,2.38,46,3.3,3.13,3.34,3.17,2.6,2.3,41,2.24,2.16,1.72,1.66,20,0.25,1.9,1.85,2.03,1.97
D2,26/02/17,Nurnberg,Bochum,,,,,,,2.2,3.3,3.3,2.15,3.4,3.3,2,3.3,3.6,2.15,3.5,3.2,2.19,3.7,3.36,2,3.5,3.4,2.2,3.5,3.2,46,2.23,2.14,3.7,3.45,3.6,3.19,39,1.71,1.66,2.25,2.16,20,-0.25,1.94,1.88,2,1.94
D2,26/02/17,Stuttgart,Kaiserslautern,,,,,,,1.7,3.6,5,1.7,3.8,4.75,1.55,3.9,5.6,1.7,3.6,5,1.71,3.9,5.39,1.73,3.5,4.6,1.73,3.75,4.8,46,1.77,1.69,3.97,3.65,5.6,4.94,44,2.02,1.94,1.9,1.83,20,-0.75,1.98,1.92,1.97,1.9
D2,27/02/17,St Pauli,Karlsruhe,,,,,,,2,3.2,4,2.1,3,4,2.2,3.2,3.2,2.05,3,4,2.11,3.14,4.31,2.05,3.1,3.75,2.1,3.2,3.9,46,2.2,2.06,3.2,3.07,4.31,3.86,37,2.61,2.48,1.55,1.5,20,-0.5,2.11,2.03,1.86,1.79
E0,25/02/17,Chelsea,Swansea,,,,,,,1.25,6.5,15,1.22,6.25,14,1.22,6.5,12,1.25,6,13,1.27,6.51,12.91,1.25,6,13,1.25,6.5,13,48,1.28,1.25,6.74,6.18,15,12.92,42,1.66,1.61,2.45,2.31,23,-1.75,1.98,1.92,2.01,1.94
E0,25/02/17,Crystal Palace,Middlesbrough,,,,,,,2.1,3.2,4.2,2.1,3.2,3.9,2.1,3.4,3.5,2.05,3,4.2,2.12,3.13,4.37,2.15,3.1,4,2.1,3.2,4,49,2.16,2.1,3.4,3.12,4.37,4.08,42,2.85,2.68,1.52,1.46,25,-0.25,1.8,1.76,2.2,2.13
E0,25/02/17,Everton,Sunderland,,,,,,,1.4,5.25,8.5,1.4,4.6,8.5,1.45,4.4,7.2,1.4,4.75,7.5,1.43,5.18,7.91,1.4,4.8,8.5,1.4,5.25,8.5,47,1.45,1.4,5.25,4.97,8.92,7.87,42,1.68,1.63,2.34,2.27,23,-1.25,1.91,1.86,2.05,2
E0,25/02/17,Hull,Burnley,,,,,,,2.15,3.3,3.9,2.15,3.25,3.6,2.2,3.35,3.3,2.15,3.1,3.75,2.2,3.22,3.91,2.2,3.1,3.8,2.15,3.3,3.9,48,2.25,2.16,3.35,3.22,3.92,3.74,45,2.4,2.3,1.68,1.62,25,-0.25,1.88,1.83,2.09,2.05
E0,25/02/17,Watford,West Ham,,,,,,,2.63,3.3,2.9,2.55,3.25,2.85,2.6,3.25,2.75,2.5,3.1,2.9,2.63,3.26,3,2.62,3.2,2.9,2.63,3.3,2.9,48,2.68,2.57,3.32,3.22,3,2.91,46,2.07,2,1.93,1.82,25,-0.25,2.24,2.16,1.77,1.73
E0,25/02/17,West Brom,Bournemouth,,,,,,,2.1,3.4,4,2.05,3.4,3.75,1.9,3.5,4.1,2.05,3.3,3.75,2.11,3.44,3.93,2.1,3.3,3.8,2.05,3.5,4,48,2.11,2.07,3.5,3.39,4.1,3.81,46,2.12,2.01,1.89,1.81,25,-0.5,2.11,2.05,1.87,1.83
E0,26/02/17,Tottenham,Stoke,,,,,,,1.44,5,7.5,1.4,4.75,8.25,1.4,4.8,7.5,1.4,4.5,8,1.43,4.89,8.49,1.44,4.5,8,1.44,4.8,8,47,1.45,1.42,5.1,4.79,9,7.82,44,1.72,1.65,2.38,2.23,23,-1.5,2.24,2.16,1.78,1.72
E0,27/02/17,Leicester,Liverpool,,,,,,,5.5,4.2,1.65,5.75,4,1.6,5,3.7,1.7,5.25,4,1.6,5.75,4.27,1.63,5.5,3.8,1.67,6,4.2,1.6,47,6,5.66,4.27,4.04,1.7,1.62,44,1.83,1.76,2.14,2.06,24,1,1.87,1.82,2.08,2.03
E1,24/02/17,Burton,Blackburn,,,,,,,2.4,3.25,3.3,2.25,3.1,3.3,2.3,3.1,3.1,2.38,3,3.2,2.45,3.2,3.34,2.3,3.2,3.2,2.38,3.25,3.3,48,2.48,2.37,3.27,3.16,3.37,3.2,44,2.5,2.31,1.65,1.6,25,-0.25,2.07,2,1.9,1.85
E1,24/02/17,Wolves,Birmingham,,,,,,,1.91,3.5,4.6,1.87,3.4,4.1,1.8,3.4,4.3,1.9,3.5,4.5,1.86,3.58,4.92,1.91,3.4,4.2,1.87,3.5,4.6,48,1.93,1.86,3.6,3.47,4.92,4.47,45,2.2,2.09,1.79,1.73,25,-0.5,1.91,1.84,2.08,2.01
E1,25/02/17,Aston Villa,Derby,,,,,,,2.4,3.3,3.25,2.35,3.2,3,2.3,3.15,3.05,2.38,3.1,3.1,2.45,3.23,3.25,2.38,3.25,3,2.4,3.3,3.25,48,2.45,2.37,3.32,3.19,3.28,3.14,44,2.35,2.25,1.7,1.63,24,-0.25,2.09,2.02,1.89,1.83
E1,25/02/17,Barnsley,Huddersfield,,,,,,,3.6,3.6,2.15,3.2,3.4,2.15,3.3,3.35,2.1,3.3,3.3,2.15,3.5,3.47,2.22,3.25,3.5,2.15,3.4,3.6,2.25,48,3.6,3.35,3.6,3.43,2.25,2.16,46,2,1.89,1.98,1.89,23,0.25,2.01,1.96,1.93,1.87
E1,25/02/17,Brentford,Rotherham,,,,,,,1.5,4.5,7.5,1.5,4,6.5,1.45,4.35,6,1.5,4.33,6,1.5,4.68,6.91,1.5,4.33,7,1.45,4.6,6.5,49,1.53,1.49,4.68,4.41,7.5,6.38,42,1.59,1.53,2.66,2.46,23,-1.25,2.13,2.05,1.83,1.8
E1,25/02/17,Brighton,Reading,,,,,,,1.67,3.8,6,1.65,3.4,5.75,1.65,3.6,5.25,1.65,3.8,5.5,1.65,4,5.9,1.67,3.6,5.5,1.73,3.8,5.5,48,1.73,1.66,4,3.75,6,5.47,46,2.07,1.99,1.91,1.8,23,-0.75,1.91,1.85,2.07,1.98
E1,25/02/17,Cardiff,Fulham,,,,,,,2.8,3.4,2.7,2.6,3.3,2.6,2.65,3.25,2.55,2.62,3.2,2.62,2.7,3.36,2.8,2.62,3.4,2.6,2.75,3.4,2.7,49,2.8,2.68,3.4,3.29,2.8,2.64,47,2.04,1.93,1.95,1.85,24,0,1.99,1.93,1.99,1.91
E1,25/02/17,Leeds,Sheffield Weds,,,,,,,2.55,3.2,3.1,2.55,3.1,2.8,2.45,3,2.95,2.5,3,3,2.57,3.16,3.12,2.5,3.1,3.2,2.63,3.2,3,48,2.63,2.52,3.2,3.08,3.2,3.02,40,2.55,2.38,1.6,1.56,24,-0.25,2.2,2.13,1.79,1.73
E1,25/02/17,Newcastle,Bristol City,,,,,,,1.5,4.33,8,1.48,4.1,6.75,1.5,4.05,6.25,1.48,4.2,6.5,1.48,4.56,7.78,1.5,4,7,1.53,4.33,7,47,1.53,1.49,4.56,4.23,8,6.84,46,1.91,1.82,2.06,1.97,24,-1,1.9,1.83,2.08,2
E1,25/02/17,Preston,QPR,,,,,,,2.1,3.4,3.9,2,3.3,3.7,2.05,3.25,3.5,2.05,3.25,3.75,2.11,3.39,3.9,2,3.4,3.75,2.15,3.4,3.75,48,2.15,2.06,3.45,3.34,3.9,3.69,45,2.18,2.1,1.78,1.71,23,-0.5,2.13,2.06,1.83,1.79
E1,25/02/17,Wigan,Nott'm Forest,,,,,,,2.2,3.3,3.75,2.1,3.2,3.5,2.1,3.2,3.45,2.1,3.1,3.6,2.18,3.28,3.82,2.15,3.25,3.5,2.2,3.3,3.75,48,2.22,2.14,3.37,3.25,3.82,3.59,44,2.35,2.25,1.69,1.63,25,-0.25,1.87,1.83,2.07,2.02
E1,26/02/17,Norwich,Ipswich,,,,,,,1.75,3.75,5.25,1.65,3.6,5.25,1.65,3.6,4.9,1.67,3.6,5.25,1.71,3.83,5.59,1.67,3.6,5.5,1.75,3.75,5.4,48,1.75,1.69,3.83,3.69,5.59,5.2,45,2.07,2,1.88,1.8,23,-0.75,1.95,1.91,1.99,1.93
E2,25/02/17,AFC Wimbledon,Walsall,,,,,,,2.4,3.4,3.2,2.2,3.3,3.2,2.25,3.1,3,2.25,3.2,3.25,2.29,3.36,3.45,2.4,3.1,3.1,2.38,3.4,3.1,47,2.42,2.28,3.4,3.22,3.45,3.16,44,2.18,2.08,1.79,1.71,21,-0.25,2.05,1.97,1.95,1.86
E2,25/02/17,Bristol Rvs,Scunthorpe,,,,,,,2.4,3.5,3.1,2.3,3.25,3.1,2.3,3.15,2.9,2.3,3.2,3.1,2.38,3.34,3.28,2.5,3.2,2.9,2.38,3.5,3,48,2.5,2.35,3.5,3.25,3.28,3.01,46,2.12,2,1.85,1.77,19,-0.25,2.06,2.01,1.86,1.82
E2,25/02/17,Charlton,Bury,,,,,,,1.91,3.75,4.2,1.9,3.6,3.8,1.8,3.45,3.85,1.91,3.5,4,1.96,3.63,4.16,1.95,3.4,4,1.9,3.75,4.1,47,1.96,1.89,3.75,3.52,4.2,3.95,45,1.94,1.85,2,1.91,21,-0.5,1.96,1.89,2,1.94
E2,25/02/17,Chesterfield,Oxford,,,,,,,4.2,3.6,1.95,3.6,3.4,2,3.75,3.25,1.9,3.8,3.3,1.95,4.18,3.42,2.02,4,3.2,2,4,3.6,1.95,48,4.2,3.87,3.6,3.34,2.06,1.97,43,2.2,2.09,1.76,1.7,18,0.5,1.92,1.86,2.03,1.96
E2,25/02/17,Coventry,Swindon,,,,,,,2.4,3.6,3,2.35,3.25,3,2.25,3.15,2.9,2.3,3.3,3,2.42,3.52,3.04,2.4,3.25,3,2.4,3.5,2.9,47,2.44,2.35,3.6,3.29,3.1,2.98,40,2.1,2.02,1.83,1.74,21,-0.25,2.11,2.03,1.86,1.81
E2,25/02/17,Fleetwood Town,Northampton,,,,,,,2.1,3.5,3.8,2,3.3,3.7,1.95,3.25,3.5,2.05,3.3,3.6,2.14,3.41,3.79,2.1,3.3,3.5,2.05,3.5,3.7,47,2.14,2.05,3.5,3.33,3.87,3.6,45,2.16,2.04,1.81,1.74,21,-0.5,2.14,2.04,1.84,1.8
E2,25/02/17,Gillingham,Southend,,,,,,,3.2,3.4,2.38,3.1,3.25,2.25,3,3.15,2.2,3.1,3.25,2.3,3.28,3.39,2.35,3,3.2,2.4,3.1,3.4,2.38,48,3.28,3.1,3.4,3.24,2.4,2.29,46,2.09,2,1.88,1.78,21,0.25,1.89,1.84,2.05,1.99
E2,25/02/17,Milton Keynes Dons,Shrewsbury,,,,,,,1.7,3.8,5.75,1.67,3.7,5,1.6,3.55,5,1.65,3.6,5.5,1.68,3.83,5.96,1.7,3.5,5.5,1.67,3.8,5.75,48,1.7,1.65,3.83,3.67,6,5.38,46,2.05,1.97,1.87,1.8,21,-0.75,1.89,1.85,2.07,1.99
E2,25/02/17,Oldham,Millwall,,,,,,,3.75,3.25,2.2,3.4,3.2,2.15,3.45,3,2.1,3.6,3.1,2.15,3.88,3.21,2.19,3.4,3.2,2.2,3.7,3.25,2.15,48,3.88,3.57,3.25,3.14,2.2,2.14,41,2.5,2.36,1.63,1.55,21,0.25,2.05,2,1.88,1.84
E2,25/02/17,Peterboro,Rochdale,,,,,,,2.8,3.5,2.6,2.6,3.3,2.6,2.6,3.2,2.45,2.7,3.4,2.5,2.88,3.56,2.53,2.7,3.25,2.62,2.8,3.5,2.55,47,2.88,2.72,3.56,3.33,2.65,2.52,45,1.9,1.83,2.02,1.93,18,0,2.05,1.98,1.9,1.84
E2,25/02/17,Port Vale,Bradford,,,,,,,6,3.8,1.67,5.25,3.6,1.65,5.25,3.5,1.6,5.75,3.6,1.62,6.2,3.81,1.66,5.5,3.6,1.67,5.5,3.8,1.67,48,6.25,5.67,3.82,3.64,1.68,1.63,41,2.28,2.16,1.71,1.65,21,0.75,2.08,2.02,1.87,1.82
E2,25/02/17,Sheffield United,Bolton,,,,,,,1.7,3.75,6,1.62,3.75,5.25,1.6,3.5,5.25,1.65,3.5,6,1.68,3.69,6.35,1.7,3.3,6,1.67,3.75,5.75,48,1.75,1.64,3.8,3.6,6.35,5.64,44,2.19,2.06,1.83,1.72,21,-0.75,1.87,1.83,2.05,2
E3,25/02/17,Barnet,Cambridge,,,,,,,2.6,3.4,2.88,2.45,3.3,2.75,2.35,3.1,2.75,2.38,3.25,3,2.43,3.39,3.13,2.5,3.2,2.9,2.5,3.4,2.9,48,2.6,2.42,3.4,3.23,3.13,2.89,46,2.08,1.99,1.84,1.78,20,0,1.81,1.76,2.2,2.1
E3,25/02/17,Carlisle,Portsmouth,,,,,,,3.6,3.6,2.15,3.6,3.4,2,3.35,3.3,1.95,3.5,3.5,2,3.75,3.69,2.05,3.4,3.5,2.1,3.5,3.6,2.1,48,3.75,3.48,3.69,3.47,2.16,2.03,46,1.87,1.77,2.1,1.99,19,0.25,1.79,1.72,2.17,2.09
E3,25/02/17,Colchester,Hartlepool,,,,,,,1.73,4,5,1.72,3.6,4.75,1.7,3.55,4.3,1.7,3.8,4.75,1.72,4.11,4.94,1.73,3.6,5,1.75,4,4.75,47,1.78,1.7,4.11,3.78,5.05,4.69,45,1.84,1.77,2.13,2.01,21,-0.75,1.97,1.92,1.97,1.91
E3,25/02/17,Crewe,Stevenage,,,,,,,2.8,3.4,2.7,2.75,3.25,2.5,2.6,3.1,2.45,2.7,3.25,2.62,2.74,3.38,2.74,2.7,3.1,2.7,2.75,3.4,2.63,47,2.85,2.7,3.4,3.22,2.74,2.59,45,2.06,1.97,1.88,1.79,20,0,2.01,1.95,1.96,1.87
E3,25/02/17,Doncaster,Accrington,,,,,,,1.75,4,5,1.75,3.5,4.75,1.7,3.45,4.45,1.73,3.6,4.75,1.77,3.76,5.15,1.75,3.5,5,1.75,4,4.75,47,1.77,1.73,4,3.62,5.15,4.75,45,2.03,1.95,1.91,1.81,21,-0.75,2.04,1.97,1.92,1.86
E3,25/02/17,Exeter,Blackpool,,,,,,,2.25,3.5,3.4,2.05,3.4,3.5,2.1,3.15,3.2,2.1,3.4,3.3,2.16,3.56,3.5,2.2,3.3,3.3,2.2,3.5,3.4,48,2.25,2.13,3.56,3.34,3.5,3.34,46,2.05,1.92,1.96,1.84,23,-0.25,1.9,1.85,2.07,1.99
E3,25/02/17,Leyton Orient,Cheltenham,,,,,,,3.1,3.3,2.5,2.95,3.2,2.4,2.85,3.05,2.3,2.9,3.25,2.4,2.95,3.33,2.59,3.1,3.1,2.4,2.9,3.3,2.55,47,3.1,2.91,3.33,3.19,2.59,2.44,45,2.14,2.05,1.82,1.74,17,0.25,2.17,2.08,1.83,1.77
E3,25/02/17,Luton,Plymouth,,,,,,,2.05,3.7,3.7,2.05,3.4,3.5,1.95,3.25,3.4,2,3.3,3.75,2.07,3.51,3.91,2.1,3.5,3.3,2,3.7,3.7,48,2.16,2.03,3.7,3.41,3.91,3.55,46,2,1.87,1.97,1.89,21,-0.25,1.83,1.76,2.17,2.1
E3,25/02/17,Mansfield,Newport County,,,,,,,1.75,3.7,5.5,1.65,3.6,5.25,1.7,3.25,4.8,1.7,3.4,5.75,1.71,3.61,6.08,1.8,3.4,4.75,1.75,3.7,5.25,48,1.8,1.72,3.7,3.42,6.08,5.23,41,2.41,2.3,1.64,1.57,21,-0.5,1.76,1.72,2.28,2.15
E3,25/02/17,Morecambe,Grimsby,,,,,,,2.88,3.4,2.63,2.75,3.25,2.5,2.6,3.1,2.45,2.75,3.3,2.5,2.86,3.46,2.59,2.62,3.3,2.62,2.88,3.4,2.55,48,2.9,2.74,3.47,3.26,2.63,2.53,46,2.05,1.95,1.91,1.81,20,0,2.07,1.99,1.89,1.84
E3,25/02/17,Notts County,Yeovil,,,,,,,2.45,3.3,3.2,2.35,3.3,2.9,2.25,3.1,2.9,2.38,3.2,3,2.43,3.37,3.15,2.4,3.2,3,2.45,3.3,3.1,48,2.55,2.35,3.37,3.2,3.25,3.03,45,2.3,2.15,1.75,1.67,19,-0.25,2.1,2.01,1.85,1.81
E3,25/02/17,Wycombe,Crawley Town,,,,,,,1.75,3.9,5,1.72,3.6,4.75,1.65,3.4,4.85,1.67,3.6,5.25,1.7,3.88,5.53,1.73,3.5,5,1.7,3.9,5.4,48,1.76,1.69,3.9,3.6,5.53,5.08,45,2.16,2.07,1.79,1.71,23,-0.5,1.73,1.68,2.29,2.21
EC,25/02/17,Aldershot,Bromley,,,,,,,1.8,3.75,4.2,1.83,3.3,3.8,1.75,3.3,3.8,1.8,3.6,4.33,1.83,3.82,4.58,1.83,3.6,4.2,1.8,3.7,4.3,46,1.91,1.81,3.82,3.56,4.58,4.09,44,2,1.89,1.96,1.85,19,-0.5,1.87,1.83,2.09,1.99
EC,25/02/17,Braintree Town,Maidstone,,,,,,,2.05,3.6,3.3,2.05,3.2,3.2,2,3.2,3.15,2.05,3.4,3.5,2.12,3.53,3.7,2.1,3.3,3.5,2.05,3.5,3.5,46,2.12,2.07,3.6,3.36,3.7,3.37,44,2,1.92,1.92,1.83,19,-0.25,1.86,1.81,2.1,2.02
EC,25/02/17,Dover Athletic,Eastleigh,,,,,,,1.73,3.6,4.75,1.75,3.5,4,1.7,3.5,3.85,1.8,3.75,4.2,1.81,4.01,4.46,1.8,3.6,4.5,1.8,3.8,4.2,46,1.82,1.77,4.01,3.68,4.75,4.2,40,1.75,1.67,2.26,2.11,19,-0.75,2.07,2.01,1.86,1.82
EC,25/02/17,Forest Green,Woking,,,,,,,1.4,4.5,7.5,1.45,4,5.75,1.4,4.15,6,1.44,4.5,6.5,1.45,4.97,7.35,1.44,4.5,7,1.4,4.75,7,46,1.5,1.42,4.97,4.5,7.5,6.57,40,1.6,1.53,2.53,2.36,18,-1,1.74,1.68,2.26,2.19
EC,25/02/17,Guiseley,North Ferriby,,,,,,,1.53,4.1,6,1.53,3.7,5.5,1.45,3.75,5.25,1.57,4,5.75,1.61,4.31,5.82,1.62,3.8,5.5,1.53,4.1,6,46,1.63,1.54,4.31,4.01,6.25,5.6,44,1.86,1.78,2.11,1.98,20,-1,2.03,1.91,1.95,1.9
EC,25/02/17,Solihull,Wrexham,,,,,,,2.75,3.4,2.45,2.75,3.2,2.3,2.6,3.05,2.4,2.8,3.2,2.5,2.94,3.35,2.59,2.7,3.2,2.62,2.8,3.3,2.5,46,2.94,2.74,3.4,3.2,2.62,2.49,44,2.15,2.02,1.82,1.74,19,0,2.1,1.99,1.87,1.83
EC,25/02/17,Southport,Chester,,,,,,,2.63,3.4,2.55,2.45,3.4,2.45,2.45,3.15,2.45,2.62,3.3,2.62,2.69,3.49,2.73,2.62,3.3,2.62,2.63,3.4,2.6,45,2.7,2.58,3.49,3.29,2.73,2.55,39,1.83,1.72,2.12,2.03,19,0,2,1.93,1.98,1.89
EC,25/02/17,Torquay,Sutton,,,,,,,2.6,3.4,2.6,2.65,3.1,2.45,2.5,3.1,2.5,2.62,3.25,2.62,2.73,3.41,2.73,2.7,3.1,2.7,2.7,3.3,2.6,46,2.73,2.62,3.47,3.22,2.9,2.61,44,2.11,2.02,1.81,1.74,19,0,1.96,1.91,1.98,1.9
F1,24/02/17,Nantes,Dijon,,,,,,,1.73,3.6,5.25,1.67,3.7,5.5,1.85,3.2,4.4,1.73,3.6,5,1.76,3.79,5.36,1.75,3.3,5.5,1.75,3.6,5.25,47,1.85,1.74,3.79,3.6,5.5,5.07,45,2.16,2.1,1.81,1.73,23,-0.75,2.02,1.95,1.95,1.9
F1,24/02/17,Nice,Montpellier,,,,,,,2.05,3.3,3.8,2,3.4,3.9,1.9,3.35,3.9,1.95,3.3,3.8,2.05,3.46,4.11,2.05,3.1,4,2,3.4,4.1,49,2.08,2.02,3.46,3.35,4.26,3.9,47,2.08,2,1.88,1.8,25,-0.5,2.08,2.02,1.91,1.84
F1,25/02/17,Angers,Bastia,,,,,,,1.85,3.2,5,1.83,3.25,5,1.8,3.4,4.35,1.8,3.3,5,1.81,3.47,5.14,1.83,3.2,5,1.83,3.3,5.2,49,1.88,1.82,3.49,3.3,5.25,4.99,41,2.66,2.55,1.53,1.5,24,-0.5,1.85,1.82,2.13,2.05
F1,25/02/17,Guingamp,Monaco,,,,,,,5,3.75,1.73,4.75,3.75,1.75,4.65,3.4,1.75,4.5,3.8,1.75,4.86,3.85,1.79,4.5,3.6,1.8,4.8,3.8,1.75,48,5,4.67,3.97,3.74,1.8,1.75,40,1.74,1.68,2.24,2.17,22,0.75,1.95,1.9,2.01,1.95
F1,25/02/17,Lille,Bordeaux,,,,,,,2.4,3.1,3.25,2.45,3,3.2,2.5,3.1,2.8,2.4,3,3.1,2.5,3.15,3.26,2.5,3,3.1,2.45,3.1,3.25,48,2.55,2.44,3.2,3.09,3.28,3.14,40,2.58,2.43,1.6,1.54,22,-0.25,2.11,2.06,1.84,1.8
F1,25/02/17,Nancy,Toulouse,,,,,,,2.7,3,2.88,2.7,2.95,2.95,2.65,3.1,2.65,2.75,2.88,2.9,2.89,2.92,2.97,2.7,2.9,2.9,2.8,3,2.88,48,2.89,2.75,3.1,2.94,2.97,2.88,36,2.72,2.61,1.51,1.47,23,0,1.96,1.9,1.99,1.94
F1,25/02/17,Rennes,Lorient,,,,,,,2.05,3.4,3.75,2,3.4,3.9,1.85,3.4,4.1,2.1,3.25,3.6,2.17,3.35,3.76,2,3.25,4,2,3.5,3.75,49,2.2,2.06,3.5,3.34,4.2,3.74,47,2.15,2.06,1.85,1.75,23,-0.5,2.17,2.07,1.92,1.8
F1,26/02/17,Lyon,Metz,,,,,,,1.22,7,12,1.22,6.5,12.5,1.3,5,9,1.22,6.5,13,1.24,7,13.35,1.25,6,11,1.2,7,12,48,1.3,1.22,7,6.47,13.5,11.97,36,1.43,1.38,3.15,2.96,22,-2,2.04,1.97,1.93,1.87
F1,26/02/17,Marseille,Paris SG,,,,,,,5.5,3.75,1.67,5.25,3.9,1.65,5.3,3.5,1.65,4.75,3.8,1.67,5.49,3.98,1.69,5,3.75,1.7,5.25,3.9,1.7,48,5.7,5.14,4.06,3.82,1.72,1.68,44,1.79,1.73,2.19,2.1,21,0.75,2.03,1.99,1.91,1.86
F1,26/02/17,St Etienne,Caen,,,,,,,1.75,3.4,5.25,1.75,3.6,5,1.6,3.6,5.6,1.75,3.4,5,1.78,3.65,5.26,1.75,3.5,5,1.8,3.6,4.8,48,1.82,1.76,3.65,3.53,5.6,4.93,45,2.19,2.1,1.77,1.73,22,-0.75,2.09,2.02,1.87,1.83
F2,24/02/17,Ajaccio,Sochaux,,,,,,,2.55,2.6,3.5,2.55,2.65,3.25,2.5,3,2.8,2.5,2.7,3.4,2.61,2.74,3.59,2.5,2.75,3,2.55,2.8,3.3,48,2.64,2.5,3,2.69,3.66,3.33,40,3,2.77,1.46,1.42,23,-0.25,2.14,2.1,1.8,1.75
F2,24/02/17,Amiens,Orleans,,,,,,,1.85,3.1,5,1.8,3.2,4.75,1.85,3.2,4,1.85,3.1,5,1.9,3.12,5.55,1.83,3.25,4.2,1.85,3.2,5,48,1.91,1.85,3.45,3.14,5.55,4.71,40,2.25,2.16,1.74,1.66,22,-0.5,1.9,1.86,2.05,1.97
F2,24/02/17,Laval,Bourg Peronnas,,,,,,,2.05,3,4.2,2.1,2.85,3.9,2.2,3,3.2,2.05,2.9,4.33,2.09,3.02,4.66,2.05,3.1,3.6,2.05,3,4.3,39,2.2,2.05,3.1,2.97,4.66,4.11,33,2.6,2.43,1.58,1.52,21,-0.5,2.09,2.03,1.86,1.8
F2,24/02/17,Le Havre,Auxerre,,,,,,,2,3,4.33,1.9,3.1,4.33,2,3.1,3.5,2.05,3,4,2.12,3.11,4.33,1.95,3.1,4,2,3.1,4.3,48,2.14,2.02,3.15,3.01,4.55,4.09,40,2.54,2.35,1.61,1.56,23,-0.5,2.12,2.03,1.88,1.8
F2,24/02/17,Nimes,Ajaccio GFCO,,,,,,,2.2,3,3.6,2.2,3,3.4,2.4,3,2.9,2.25,2.9,3.6,2.33,3.02,3.78,2.2,3,3.25,2.25,3,3.6,48,2.4,2.24,3.07,2.95,3.78,3.48,40,2.38,2.24,1.67,1.61,23,-0.25,1.96,1.91,1.99,1.92
F2,24/02/17,Niort,Red Star,,,,,,,2.05,3.1,4,2.05,2.8,4.25,2,3.1,3.5,2.05,3,4.2,2.05,3.06,4.72,2,3.1,3.75,2,3.1,4.3,48,2.07,2,3.13,3.02,4.72,4.13,40,2.36,2.26,1.67,1.6,23,-0.5,2.06,2.01,1.89,1.82
F2,24/02/17,Strasbourg,Clermont,,,,,,,1.75,3.4,5,1.85,3.2,4.4,1.8,3.25,4.2,1.85,3.25,4.75,1.88,3.29,5.29,1.83,3.4,4,1.8,3.4,4.8,49,1.92,1.83,3.52,3.28,5.29,4.55,46,2.16,2.08,1.8,1.71,23,-0.5,1.92,1.83,2.1,2.01
F2,24/02/17,Tours,Troyes,,,,,,,2.45,3,3.1,2.5,2.95,2.9,2.6,3,2.6,2.5,2.9,3,2.67,3,3.15,2.5,2.9,2.9,2.55,3,3,48,2.73,2.51,3.01,2.91,3.25,3.01,40,2.32,2.21,1.7,1.63,23,-0.25,2.24,2.14,1.76,1.73
F2,25/02/17,Lens,Valenciennes,,,,,,,1.73,3.4,5.25,1.75,3.3,4.75,1.75,3.4,4.3,1.75,3.5,4.75,1.76,3.39,6.11,1.73,3.4,4.6,1.75,3.4,5.4,46,1.76,1.73,3.5,3.34,6.11,5.12,44,2.28,2.16,1.71,1.66,19,-0.75,2.04,1.98,1.89,1.84
F2,27/02/17,Reims,Brest,,,,,,,2.05,3,4.1,2,3.1,3.9,2.1,3.1,3.3,2.05,2.9,4.2,2.12,2.99,4.54,2,3,3.8,2.05,3,4.3,47,2.12,2.04,3.1,2.97,4.54,3.99,39,2.6,2.46,1.55,1.51,20,-0.5,2.1,2.04,1.83,1.78
G1,25/02/17,Kerkyra,Panetolikos,,,,,,,2.2,3,3.2,2.25,2.9,3.4,2.25,3,3.3,,,,,,,,,,2.25,3,3.3,35,2.3,2.24,3.1,2.98,3.4,3.28,28,2.67,2.55,1.5,1.46,6,0,1.6,1.55,2.35,2.26
G1,25/02/17,Platanias,Asteras Tripolis,,,,,,,2,3,3.8,2,3.1,3.9,2.05,3.05,3.85,,,,,,,,,,2,3.1,3.9,36,2.05,2,3.2,3.04,4,3.85,29,2.6,2.48,1.5,1.47,7,0,1.44,1.41,2.8,2.65
G1,25/02/17,Xanthi,Panathinaikos,,,,,,,3.4,3.1,2.1,3.7,3.1,2.05,3.45,3.1,2.15,,,,,,,,,,3.5,3,2.15,36,3.7,3.48,3.2,3.05,2.15,2.12,29,2.67,2.53,1.5,1.47,6,0.5,1.69,1.66,2.15,2.12
G1,26/02/17,AEK,Larisa,,,,,,,1.2,6,11,1.18,6,15.5,,,,,,,,,,,,,,,,26,1.22,1.19,6.25,5.89,17,13.38,20,1.8,1.75,2.05,1.97,7,-1.5,1.71,1.67,2.1,2.06
G1,26/02/17,Iraklis,PAOK,,,,,,,10,5.25,1.25,9,4.5,1.34,9.75,4.95,1.3,,,,,,,,,,11.5,4.6,1.29,35,15,10.54,5.25,4.75,1.34,1.28,29,2.15,2.06,1.73,1.69,9,1.5,1.77,1.73,2.05,1.99
G1,26/02/17,Levadeiakos,Giannina,,,,,,,2.5,3.25,2.6,2.65,2.95,2.75,2.6,3.2,2.65,,,,,,,,,,2.63,3,2.75,36,2.7,2.57,3.3,3.11,2.75,2.65,29,2.65,2.52,1.5,1.46,9,0,1.87,1.83,1.91,1.88
G1,26/02/17,Olympiakos,Panionios,,,,,,,1.17,6.5,12,1.15,6.5,17,1.18,6.5,13.75,,,,,,,,,,1.17,6.25,15,36,1.2,1.16,7,6.39,19,14.49,29,1.67,1.61,2.3,2.19,7,-2,2,1.96,1.84,1.77
G1,27/02/17,Veria,Atromitos,,,,,,,3.4,3.1,2.1,3.4,3,2.2,3.45,3.15,2.1,,,,,,,,,,3.5,3,2.15,35,3.5,3.35,3.2,3.04,2.5,2.16,27,2.63,2.53,1.5,1.46,5,0.5,1.7,1.67,2.12,2.08
I1,25/02/17,Juventus,Empoli,,,,,,,1.14,8.5,19,1.14,8.5,19,1.15,7,15,1.15,7.5,23,1.14,8.98,29.55,1.17,8,17,1.13,8.5,23,49,1.17,1.14,8.98,7.98,29.55,22.03,44,1.61,1.56,2.54,2.41,23,-2.25,2.12,2.05,1.85,1.81
I1,25/02/17,Napoli,Atalanta,,,,,,,1.57,4,6,1.55,4.1,6.25,1.5,4,6.1,1.57,4,5.75,1.58,4.28,6.46,1.6,4,6,1.6,4.2,5.75,48,1.63,1.57,4.45,4.13,6.46,5.88,44,1.7,1.66,2.28,2.2,24,-1,2.05,1.98,1.92,1.87
I1,26/02/17,Chievo,Pescara,,,,,,,1.83,3.6,4.5,1.83,3.8,4.1,1.7,3.7,4.5,1.83,3.6,4.2,1.88,3.83,4.42,1.85,3.6,4.5,1.83,3.75,4.4,48,1.88,1.83,3.85,3.72,4.5,4.27,45,1.71,1.66,2.3,2.21,24,-0.5,1.88,1.84,2.11,2.03
I1,26/02/17,Crotone,Cagliari,,,,,,,2.5,3.3,2.88,2.45,3.25,2.95,2.6,3.2,2.6,2.4,3.2,2.9,2.59,3.3,3.02,2.5,3.4,2.9,2.55,3.1,3.1,49,2.6,2.52,3.4,3.19,3.1,2.95,45,2.3,2.2,1.77,1.66,23,0,1.83,1.78,2.15,2.09
I1,26/02/17,Genoa,Bologna,,,,,,,2,3.3,4.2,2.05,3.4,3.75,2.2,3,3.4,1.95,3.2,4,2.04,3.38,4.27,2.05,3.3,4,2.05,3.4,3.9,49,2.2,2.01,3.45,3.31,4.3,3.98,46,2.19,2.1,1.8,1.73,24,-0.5,2.06,2.01,1.9,1.86
I1,26/02/17,Inter,Roma,,,,,,,2.5,3.4,2.8,2.65,3.2,2.8,2.5,3.3,2.65,2.4,3.3,2.8,2.58,3.47,2.9,2.6,3.4,2.8,2.55,3.4,2.8,46,2.65,2.53,3.5,3.37,2.92,2.79,44,1.75,1.66,2.3,2.2,23,0,1.86,1.83,2.1,2.02
I1,26/02/17,Lazio,Udinese,,,,,,,1.44,4.5,7.5,1.42,4.75,7.5,1.5,4,6.1,1.44,4.33,7.5,1.46,4.66,8.36,1.44,4.5,8,1.44,4.6,7,48,1.5,1.44,4.75,4.48,8.36,7.57,45,1.77,1.7,2.22,2.13,22,-1.25,2.07,2,1.92,1.86
I1,26/02/17,Palermo,Sampdoria,,,,,,,3.2,3.1,2.4,3,3.4,2.35,2.75,3.3,2.4,3.1,3.2,2.3,3.24,3.39,2.4,3.2,3.2,2.4,3.25,3.2,2.38,48,3.25,3.12,3.4,3.27,2.43,2.36,45,2.13,2.06,1.81,1.75,22,0.25,1.88,1.85,2.06,2.01
I1,26/02/17,Sassuolo,Milan,,,,,,,2.88,3.3,2.55,2.75,3.3,2.6,3.1,3.3,2.2,2.75,3.3,2.5,2.88,3.48,2.59,2.8,3.3,2.62,2.88,3.3,2.55,48,3.1,2.82,3.48,3.35,2.64,2.53,46,1.9,1.82,2.05,1.98,25,0,2.3,2.04,1.88,1.83
I1,27/02/17,Fiorentina,Torino,,,,,,,1.85,3.75,4.2,1.85,3.7,4.1,1.9,3.45,3.8,1.85,3.6,4,1.9,3.87,4.25,1.91,3.75,4,1.85,3.75,4.3,47,1.93,1.87,3.89,3.73,4.3,4.08,44,1.7,1.63,2.36,2.25,23,-0.5,1.9,1.86,2.07,2.01
I2,24/02/17,Benevento,Bari,,,,,,,1.91,3.2,4.33,1.95,3.2,4.25,2,2.9,3.7,2,3.1,4,2.03,3.14,4.66,2,3.3,3.6,2,3.25,4.1,48,2.05,1.98,3.35,3.16,4.66,3.99,44,2.14,2.03,1.83,1.74,23,-0.5,2.05,1.99,1.89,1.83
I2,24/02/17,Brescia,Cittadella,,,,,,,2.88,3,2.63,2.85,3,2.65,2.5,2.8,2.9,2.7,3.1,2.62,2.87,3.17,2.77,2.8,3,2.6,2.8,3.13,2.7,49,2.88,2.73,3.25,3.07,2.9,2.63,46,2.05,1.91,1.94,1.85,23,0,2,1.95,1.95,1.88
I2,25/02/17,Ascoli,Pisa,,,,,,,2.45,2.88,3.2,2.4,2.9,3.4,2.3,2.8,3.1,2.4,2.75,3.4,2.51,2.88,3.6,2.38,2.88,3.2,2.45,2.8,3.5,47,2.51,2.39,2.98,2.82,3.6,3.3,37,2.99,2.75,1.45,1.41,22,-0.25,2.12,2.04,1.86,1.79
I2,25/02/17,Avellino,Vicenza,,,,,,,2,3.3,3.8,2.1,3.1,3.9,2.1,2.9,3.4,2.05,3,4,2.11,3.17,4.24,2.15,3.1,3.4,2.05,3.1,4.2,47,2.15,2.06,3.3,3.06,4.24,3.79,39,2.42,2.31,1.61,1.56,20,-0.5,2.1,2.04,1.84,1.78
I2,25/02/17,Cesena,Pro Vercelli,,,,,,,1.67,3.5,5.5,1.72,3.4,5.5,1.65,3.3,4.9,1.73,3.5,5,1.73,3.46,6.31,1.73,3.4,4.8,,,,46,1.73,1.68,3.51,3.39,6.31,5.35,43,2.25,2.12,1.74,1.67,20,-0.75,1.97,1.91,1.95,1.9
I2,25/02/17,Frosinone,Verona,,,,,,,2.25,3.1,3.4,2.3,3,3.4,2.2,2.8,3.3,2.3,3,3.3,2.37,3.16,3.48,2.3,3.1,3.1,2.3,3.1,3.4,47,2.37,2.27,3.16,3.03,3.57,3.27,43,2.21,2.11,1.76,1.68,20,-0.25,2.01,1.95,1.93,1.86
I2,25/02/17,Novara,Spezia,,,,,,,2.25,3.1,3.4,2.3,3,3.4,2.2,2.8,3.3,2.3,2.88,3.5,2.38,2.97,3.7,2.3,3,3.2,2.3,3,3.6,47,2.38,2.28,3.1,2.93,3.7,3.37,39,2.52,2.41,1.55,1.52,20,-0.25,2,1.94,1.92,1.87
I2,25/02/17,Spal,Perugia,,,,,,,2,3.2,4,2.05,3.2,3.9,2,2.9,3.7,2.05,3,4.2,2.1,3.1,4.44,2.05,3.2,3.6,2.05,3.1,4.2,47,2.1,2.03,3.2,3.06,4.44,3.9,39,2.41,2.29,1.61,1.57,20,-0.5,2.09,2.03,1.85,1.79
I2,25/02/17,Ternana,Latina,,,,,,,2.15,3,3.75,2.25,3,3.6,2.2,2.8,3.3,2.25,2.9,3.6,2.33,3.01,3.82,2.1,3.1,3.6,2.3,2.9,3.7,47,2.33,2.21,3.1,2.97,3.82,3.5,39,2.42,2.3,1.61,1.56,20,-0.25,1.96,1.88,1.97,1.93
I2,25/02/17,Trapani,Salernitana,,,,,,,2.3,3,3.4,2.4,2.95,3.25,2.3,2.8,3.1,2.38,2.9,3.3,2.44,3.04,3.49,2.3,3.1,3.1,2.38,3.1,3.3,47,2.44,2.33,3.1,2.97,3.49,3.22,39,2.3,2.19,1.68,1.62,20,-0.25,2.06,2,1.9,1.82
I2,25/02/17,Virtus Entella,Carpi,,,,,,,2.38,3,3.25,2.4,3,3.2,2.3,2.8,3.1,2.4,2.88,3.3,2.48,2.99,3.49,2.4,3,3,2.38,3,3.4,47,2.48,2.37,3.02,2.95,3.49,3.18,39,2.46,2.31,1.6,1.56,20,-0.25,2.08,2.01,1.88,1.81
N1,24/02/17,Den Haag,Twente,,,,,,,3.5,3.4,2.05,3.4,3.3,2.1,3.3,3.4,2,3.5,3.4,2.05,3.64,3.62,2.11,3.5,3.3,2,3.5,3.5,2.1,48,3.65,3.46,3.65,3.45,2.16,2.07,46,1.95,1.86,2.02,1.91,21,0.25,2.13,2.05,1.86,1.8
N1,25/02/17,Excelsior,Willem II,,,,,,,2.45,3.2,2.88,2.45,3.2,2.85,2.4,3.3,2.7,2.5,3.1,2.9,2.6,3.28,2.98,2.38,3.2,2.8,2.45,3.3,3,48,2.6,2.47,3.4,3.22,3,2.9,45,2.18,2.08,1.79,1.72,20,-0.25,2.2,2.12,1.79,1.74
N1,25/02/17,Groningen,Utrecht,,,,,,,2.7,3.2,2.63,2.8,3.1,2.55,2.5,3.3,2.6,2.7,3.2,2.62,2.8,3.33,2.72,2.7,3.2,2.45,2.7,3.4,2.6,47,2.8,2.7,3.45,3.25,2.75,2.61,45,1.97,1.88,1.96,1.89,22,0,2,1.94,1.94,1.89
N1,25/02/17,Heerenveen,Roda,,,,,,,1.53,4,6,1.53,4,6,1.55,4,5,1.55,4,6,1.54,4.31,6.85,1.6,3.8,5,1.55,4.1,6.25,48,1.6,1.55,4.31,4.03,6.85,5.95,46,1.88,1.8,2.08,1.98,22,-1,2,1.94,1.95,1.89
N1,25/02/17,Nijmegen,Sparta Rotterdam,,,,,,,2.45,3.3,2.8,2.45,3.3,2.75,2.3,3.2,2.9,2.5,3.3,2.8,2.58,3.47,2.86,2.4,3.3,2.7,2.55,3.4,2.8,48,2.58,2.47,3.52,3.34,3.05,2.8,46,1.92,1.84,2.02,1.93,24,0,1.87,1.82,2.08,2.03
N1,26/02/17,Ajax,Heracles,,,,,,,1.17,7.5,13,1.18,7,13,1.15,6.5,14,1.17,7.5,17,1.17,8.55,17.5,1.15,6.5,15,1.14,8,20,47,1.18,1.15,8.55,7.45,20,16.35,34,1.45,1.42,3,2.74,20,-2.25,2.08,2.02,1.87,1.82
N1,26/02/17,AZ Alkmaar,Zwolle,,,,,,,1.67,3.75,5,1.67,3.7,5,1.65,3.7,4.6,1.7,3.8,4.75,1.72,4.1,4.96,1.7,3.8,4.2,1.73,4,4.6,47,1.73,1.7,4.14,3.91,5,4.59,40,1.58,1.54,2.5,2.4,20,-0.75,1.95,1.9,2,1.94
N1,26/02/17,Feyenoord,PSV Eindhoven,,,,,,,2.35,3.4,2.88,2.45,3.3,2.8,2.3,3.3,2.9,2.4,3.3,2.9,2.46,3.45,3.05,2.4,3.3,2.7,2.45,3.4,2.9,48,2.47,2.39,3.47,3.32,3.05,2.9,45,1.93,1.84,2.01,1.93,19,-0.25,2.12,2.07,1.84,1.79
N1,26/02/17,Go Ahead Eagles,Vitesse,,,,,,,3.75,3.5,1.95,3.75,3.6,1.91,3.3,3.4,2,3.8,3.5,1.95,3.92,3.66,2.01,3.5,3.3,2,4,3.5,1.95,48,4,3.73,3.66,3.47,2.05,1.96,44,2.04,1.94,1.92,1.83,20,0.5,1.94,1.89,2.01,1.95
P1,24/02/17,Benfica,Chaves,,,,,,,1.18,6.5,15,1.2,6.5,15,1.2,5.8,13,1.2,6.5,15,1.22,7,15.8,1.2,6,13,1.2,6.5,15,48,1.22,1.2,7.33,6.45,19.81,14.97,44,1.76,1.63,2.36,2.24,21,-1.75,1.85,1.8,2.13,2.05
P1,24/02/17,Guimaraes,Moreirense,,,,,,,1.75,3.5,4.75,1.8,3.4,4.6,1.7,3.5,4.85,1.75,3.3,5.25,1.79,3.51,5.54,1.73,3.4,4.8,1.8,3.5,4.8,48,1.82,1.76,3.6,3.43,5.75,5,45,2.28,2.2,1.72,1.65,22,-0.5,1.81,1.76,2.14,2.1
P1,25/02/17,Estoril,Sp Lisbon,,,,,,,8,4.5,1.4,8,4.33,1.4,7,4,1.45,8.5,4.33,1.4,8.67,4.76,1.43,8,4.2,1.4,9,4.5,1.4,48,9,8.15,4.76,4.43,1.46,1.41,46,2.06,1.99,1.87,1.79,21,1.25,1.89,1.85,2.05,1.99
P1,25/02/17,Rio Ave,Pacos Ferreira,,,,,,,1.85,3.2,4.75,1.75,3.4,5,1.85,3.4,4.1,1.85,3.2,4.75,1.87,3.38,5.17,1.8,3.2,4.75,1.83,3.3,5,48,1.88,1.83,3.4,3.3,5.17,4.75,40,2.45,2.35,1.61,1.57,21,-0.5,1.88,1.83,2.06,2.01
P1,25/02/17,Tondela,Maritimo,,,,,,,2.8,2.88,2.75,2.85,2.9,2.65,2.8,3,2.6,2.8,3,2.62,2.95,3.11,2.75,2.88,3,2.5,2.8,3.1,2.7,47,3,2.83,3.27,3.04,2.75,2.65,39,2.52,2.43,1.57,1.54,22,0,2.04,1.98,1.9,1.86
P1,26/02/17,Boavista,Porto,,,,,,,9.5,4.5,1.36,7.75,4.4,1.4,7,4,1.45,10,4.33,1.36,10.75,4.79,1.38,8.5,4,1.4,10.5,4.5,1.36,48,10.75,9.1,4.79,4.36,1.45,1.38,44,2.26,2.15,1.75,1.68,20,1.25,1.94,1.88,2,1.95
P1,26/02/17,Nacional,Feirense,,,,,,,2.05,3,4.2,2.05,3,4,2.2,3.1,3.3,2.1,3,3.8,2.14,3.17,4.13,2.1,3.1,3.6,2.1,3.13,3.9,48,2.2,2.1,3.2,3.09,4.2,3.78,40,2.45,2.36,1.61,1.57,20,-0.25,1.83,1.8,2.12,2.05
P1,26/02/17,Setubal,Sp Braga,,,,,,,3.25,2.9,2.4,3.1,3,2.4,2.9,3,2.5,3,2.9,2.5,3.19,3,2.64,3,3,2.4,3.13,3,2.5,49,3.25,3.05,3.1,2.96,2.64,2.51,41,2.77,2.58,1.51,1.48,19,0,2.19,2.08,1.82,1.75
P1,27/02/17,Arouca,Belenenses,,,,,,,2.3,2.88,3.5,2.2,3,3.5,2.3,3,3.2,2.3,3,3.3,2.39,3.11,3.52,2.3,3,3.2,2.38,3.1,3.25,46,2.4,2.33,3.12,3,3.52,3.31,40,2.66,2.53,1.54,1.5,20,-0.25,2.05,1.99,1.9,1.84
SC0,24/02/17,Inverness C,Rangers,,,,,,,4,3.75,1.83,4.1,3.6,1.83,4,3.45,1.85,4,3.6,1.85,4.34,3.8,1.88,4,3.5,1.91,4.1,3.75,1.9,47,4.5,4.1,3.82,3.6,1.91,1.85,45,1.94,1.86,1.99,1.9,22,0.5,2.05,1.99,1.89,1.85
SC0,25/02/17,Aberdeen,Ross County,,,,,,,1.4,4.75,7,1.44,4.75,6,1.4,4.6,7,1.4,4.5,7,1.45,4.92,7.65,1.44,4.5,7,1.44,4.8,7,47,1.45,1.42,4.92,4.61,8.12,6.87,40,1.68,1.63,2.34,2.2,21,-1.25,2,1.94,1.93,1.88
SC0,25/02/17,Celtic,Hamilton,,,,,,,1.08,10,23,1.08,10,23,1.1,8,20,1.08,11,34,1.09,14,27,1.1,11,26,1.06,12,26,44,1.1,1.07,14,11.06,34,24.99,34,1.33,1.29,3.67,3.41,20,-2.75,1.96,1.91,1.98,1.93
SC0,25/02/17,Motherwell,Dundee,,,,,,,2.6,3.4,2.63,2.6,3.3,2.6,2.6,3.2,2.6,2.62,3.4,2.6,2.79,3.52,2.61,2.62,3.3,2.62,2.7,3.5,2.6,47,2.82,2.63,3.52,3.37,2.66,2.58,45,1.85,1.77,2.12,2,24,0,2.03,1.92,1.96,1.91
SC0,25/02/17,Partick,Hearts,,,,,,,2.8,3.4,2.4,2.9,3.4,2.3,2.9,3.3,2.3,2.9,3.3,2.4,3.07,3.49,2.43,2.9,3.4,2.4,3,3.4,2.45,47,3.07,2.91,3.5,3.34,2.45,2.38,45,2.06,1.98,1.87,1.79,21,0.25,1.82,1.78,2.12,2.07
SC0,25/02/17,St Johnstone,Kilmarnock,,,,,,,1.62,4,5,1.62,3.8,5.25,1.65,3.7,4.9,1.67,3.8,5.25,1.7,3.97,5.39,1.7,3.75,5,1.65,4,5.4,47,1.75,1.64,4.06,3.8,5.75,5.21,45,2.04,1.94,1.91,1.82,21,-0.75,1.87,1.83,2.06,2.01
SC1,25/02/17,Ayr,St Mirren,,,,,,,2.6,3.4,2.6,2.3,3.25,2.7,2.5,3.2,2.55,2.62,3.3,2.62,2.72,3.4,2.71,2.6,3.3,2.7,2.6,3.4,2.7,47,2.72,2.57,3.4,3.25,2.82,2.61,42,2.05,1.91,1.91,1.82,21,0,1.97,1.89,1.97,1.92
SC1,25/02/17,Dundee United,Morton,,,,,,,1.73,3.8,4.5,1.75,3.5,4,1.75,3.45,4.15,1.75,3.6,4.5,1.75,3.87,4.96,1.8,3.6,4.33,1.8,3.7,4.5,47,1.84,1.75,3.9,3.61,4.96,4.39,45,2.03,1.89,2,1.86,21,-0.5,1.84,1.77,2.16,2.06
SC1,25/02/17,Falkirk,Dumbarton,,,,,,,1.5,4.33,6,1.5,4.5,4.5,1.5,3.95,5.5,1.53,4.2,6,1.53,4.45,6.57,1.53,4.2,6,1.53,4.4,6,47,1.55,1.5,4.6,4.21,6.57,5.69,44,1.75,1.67,2.23,2.12,22,-1,1.93,1.86,2,1.94
SC1,25/02/17,Hibernian,Dunfermline,,,,,,,1.44,4.33,7,1.36,4.5,6.5,1.4,4.25,6.25,1.44,4.33,6.5,1.45,5.01,7.09,1.44,4.33,7.5,1.44,4.6,7,47,1.45,1.41,5.01,4.46,8.25,6.77,45,1.8,1.68,2.22,2.1,21,-1.25,2.1,1.98,1.88,1.83
SC1,25/02/17,Queen of Sth,Raith Rvs,,,,,,,1.8,3.75,4.2,1.72,3.75,3.8,1.75,3.45,3.9,1.85,3.5,4,1.91,3.65,4.29,1.83,3.75,4,1.8,3.8,4.33,47,1.91,1.82,3.8,3.58,4.33,3.99,45,1.99,1.86,2,1.88,17,-0.5,1.91,1.84,2,1.96
SC2,25/02/17,Albion Rvs,Queens Park,,,,,,,2.7,3.4,2.5,2.45,3.4,2.45,2.7,3.05,2.45,2.8,3.2,2.5,2.8,3.41,2.64,2.62,3.3,2.62,2.8,3.2,2.63,46,2.82,2.69,3.47,3.18,2.65,2.5,38,2.3,2.18,1.7,1.62,18,0,2.04,1.99,1.91,1.82
SC2,25/02/17,Alloa,Airdrie Utd,,,,,,,1.73,4,4.2,1.65,4,4,1.7,3.75,3.9,1.75,3.8,4,1.82,4.07,4.26,1.73,4,4.33,1.75,4,4.33,46,1.82,1.73,4.15,3.83,4.35,4.03,38,1.63,1.58,2.36,2.25,18,-0.75,2.06,1.95,1.88,1.84
SC2,25/02/17,Livingston,Stenhousemuir,,,,,,,1.33,5.5,7.5,1.33,5,6.5,1.3,4.95,7,1.35,5.25,8,1.36,5.78,8.27,1.33,5,9,1.33,5.5,8.5,46,1.36,1.32,5.78,5.1,9,7.46,29,1.5,1.44,2.7,2.59,18,-1.5,2,1.92,1.92,1.88
SC2,25/02/17,Peterhead,East Fife,,,,,,,2.05,3.6,3.3,2.05,3.7,2.85,2,3.3,3.2,2.1,3.4,3.4,2.13,3.62,3.54,2.1,3.5,3.3,2.05,3.6,3.5,46,2.13,2.04,3.82,3.41,3.54,3.31,42,1.96,1.85,1.95,1.87,17,-0.25,1.84,1.8,2.06,1.99
SC2,25/02/17,Stranraer,Brechin,,,,,,,1.91,3.75,3.6,1.95,3.75,3,1.85,3.45,3.55,1.91,3.5,3.8,1.95,3.67,4.06,1.91,3.6,3.8,1.93,3.6,3.9,46,1.96,1.9,3.75,3.5,4.06,3.69,43,1.91,1.82,2,1.91,12,-0.25,1.7,1.67,2.28,2.21
SC3,25/02/17,Annan Athletic,Clyde,,,,,,,2.3,3.75,2.75,2.15,3.5,2.8,2.3,3.45,2.6,2.4,3.5,2.75,2.44,3.69,2.87,2.4,3.5,2.8,2.3,3.6,2.63,45,2.44,2.33,3.75,3.51,2.98,2.69,38,1.6,1.54,2.55,2.34,16,-0.25,2.12,2.07,1.77,1.74
SC3,25/02/17,Arbroath,Cowdenbeath,,,,,,,1.6,4.33,4.75,1.55,4.2,4.5,1.6,3.85,4.6,1.65,3.8,5,1.66,4.23,5.33,1.62,3.8,5.5,1.62,4.2,5.2,45,1.66,1.6,4.33,3.93,5.5,4.8,38,1.74,1.64,2.25,2.15,15,-1,2.18,2.07,1.78,1.74
SC3,25/02/17,Berwick,Elgin,,,,,,,4,4.2,1.75,3.5,4.2,1.7,3.65,3.75,1.75,3.8,3.8,1.85,3.9,4.04,1.91,4,3.8,1.83,3.9,4,1.83,45,4,3.69,4.2,3.83,1.91,1.8,35,1.57,1.52,2.5,2.38,14,0.75,1.8,1.78,2.14,2.03
SC3,25/02/17,Forfar,Montrose,,,,,,,1.5,4.33,6,1.4,4.25,6.25,1.5,4.15,5,1.55,4.2,5.5,1.57,4.42,5.97,1.53,4.2,6,1.55,4.33,5.75,45,1.57,1.51,4.46,4.18,6.25,5.41,37,1.61,1.55,2.5,2.31,18,-1,1.97,1.88,1.95,1.91
SC3,25/02/17,Stirling,Edinburgh City,,,,,,,2.25,3.5,3,2.35,3.3,2.6,2.25,3.25,2.8,2.3,3.4,2.9,2.42,3.5,3.04,2.3,3.4,3,2.38,3.4,3,45,2.42,2.28,3.65,3.37,3.04,2.83,38,1.98,1.88,1.93,1.84,17,-0.25,2.08,2,1.85,1.81
SP1,24/02/17,Las Palmas,Sociedad,,,,,,,2.6,3.4,2.7,2.65,3.4,2.65,2.7,3.3,2.6,2.62,3.3,2.62,2.74,3.41,2.77,2.7,3.3,2.6,2.7,3.4,2.75,49,2.76,2.66,3.52,3.34,2.85,2.7,47,1.93,1.86,2.02,1.94,25,-0.25,2.35,2.28,1.7,1.67
SP1,25/02/17,Alaves,Valencia,,,,,,,2.63,3.1,2.88,2.7,3.1,2.8,2.65,3.3,2.65,2.62,3,2.8,2.71,3.16,2.99,2.7,3.1,2.9,2.7,3.13,2.9,48,2.8,2.67,3.3,3.09,2.99,2.86,45,2.43,2.32,1.65,1.6,25,0,1.9,1.86,2.08,2
SP1,25/02/17,Betis,Sevilla,,,,,,,3.8,3.4,2.05,3.9,3.4,2,3.8,3.4,2,3.5,3.4,2.05,3.75,3.54,2.1,3.75,3.5,2.05,3.6,3.5,2.15,48,3.9,3.69,3.57,3.46,2.15,2.06,46,1.98,1.89,1.98,1.91,22,0.5,1.85,1.8,2.13,2.07
SP1,25/02/17,Eibar,Malaga,,,,,,,2.05,3.4,3.8,2.05,3.4,3.7,2.2,3.35,3.3,2,3.3,3.6,2.08,3.55,3.91,2.05,3.5,3.75,2.1,3.5,3.75,48,2.2,2.05,3.6,3.46,3.91,3.7,46,2.05,1.96,1.92,1.84,24,-0.5,2.09,2.05,1.9,1.83
SP1,25/02/17,Leganes,La Coruna,,,,,,,2.4,3.1,3.2,2.5,3,3.2,2.3,3.3,3.15,2.5,3,3,2.64,3.12,3.11,2.5,3.1,3.2,2.55,3.1,3.2,48,2.64,2.5,3.3,3.07,3.25,3.11,43,2.8,2.61,1.55,1.48,24,-0.25,2.21,2.11,1.81,1.78
SP1,26/02/17,Ath Bilbao,Granada,,,,,,,1.44,4.5,7.5,1.45,4.25,7.75,1.4,4.8,7.5,1.44,4.2,7,1.49,4.57,7.68,1.5,4.33,7,1.45,4.5,7.5,47,1.5,1.47,4.8,4.38,8.32,7.31,44,1.86,1.76,2.12,2.05,22,-1.5,2.43,2.34,1.66,1.62
SP1,26/02/17,Ath Madrid,Barcelona,,,,,,,3,3.4,2.38,2.95,3.4,2.4,2.95,3.3,2.4,2.9,3.4,2.4,2.99,3.52,2.49,3,3.3,2.5,2.88,3.5,2.4,49,3.05,2.94,3.52,3.41,2.55,2.42,47,1.95,1.86,2.05,1.94,23,0.25,1.83,1.79,2.15,2.08
SP1,26/02/17,Espanol,Osasuna,,,,,,,1.67,3.8,5.5,1.6,3.8,6,1.65,3.8,5.3,1.65,3.6,5.5,1.67,3.88,6.09,1.7,3.75,5.5,1.67,3.8,6,48,1.72,1.66,3.88,3.72,6.14,5.75,45,2.19,2.11,1.8,1.72,23,-1,2.26,2.18,1.74,1.71
SP1,26/02/17,Sp Gijon,Celta,,,,,,,2.63,3.4,2.63,2.65,3.4,2.65,2.7,3.3,2.6,2.7,3.1,2.7,2.78,3.31,2.78,2.7,3.3,2.7,2.63,3.4,2.7,47,2.78,2.69,3.42,3.28,2.82,2.7,45,2.06,2,1.87,1.81,24,0,1.97,1.92,1.99,1.93
SP1,26/02/17,Villarreal,Real Madrid,,,,,,,5.5,3.75,1.67,4.75,4.2,1.67,5.3,3.8,1.65,4.75,4,1.67,5.28,4.1,1.7,5,4,1.7,5,4,1.67,47,5.5,5.04,4.2,3.93,1.73,1.69,44,1.74,1.68,2.26,2.17,22,1,1.76,1.72,2.26,2.16
SP2,24/02/17,Reus Deportiu,Oviedo,,,,,,,2.3,2.8,3.6,2.25,2.85,3.75,2.2,3,3.2,2.25,2.8,3.8,2.36,2.86,3.99,2.25,2.9,3.3,2.38,2.9,3.6,49,2.38,2.28,3,2.82,4.03,3.63,40,3,2.72,1.45,1.42,23,-0.25,1.98,1.91,1.98,1.92
SP2,25/02/17,Cordoba,Alcorcon,,,,,,,2.5,2.88,3.2,2.4,3,3.25,2.3,3,3,2.5,2.8,3.25,2.63,2.9,3.33,2.38,2.88,3.1,2.5,3,3.13,47,2.63,2.45,3.02,2.88,3.33,3.12,40,2.71,2.53,1.5,1.48,20,-0.25,2.18,2.09,1.8,1.76
SP2,25/02/17,Elche,Huesca,,,,,,,2.15,3.1,3.6,2.15,3.1,3.7,2.3,3.2,2.8,2.25,3,3.5,2.36,3.09,3.6,2.1,3.1,3.4,2.2,3.2,3.5,47,2.36,2.21,3.2,3.07,3.7,3.35,42,2.24,2.16,1.72,1.65,20,-0.25,1.99,1.9,1.98,1.93
SP2,25/02/17,Getafe,Vallecano,,,,,,,2,3.1,4.2,2.05,3.1,4,2,3.3,3.3,2,3.1,4,2.06,3.24,4.31,2,3.2,3.6,2,3.3,4,47,2.06,1.99,3.3,3.2,4.31,3.86,44,2.32,2.18,1.72,1.64,20,-0.5,2.07,2,1.87,1.83
SP2,25/02/17,Mallorca,Tenerife,,,,,,,2.05,2.9,4.33,2.1,3.1,3.9,2.1,3.1,3.3,2.1,2.9,3.8,2.18,3.07,4.16,2,3.1,3.75,2.15,3.1,3.8,47,2.23,2.11,3.1,3,4.33,3.75,40,2.65,2.5,1.54,1.49,20,-0.25,1.88,1.82,2.1,2.01
SP2,25/02/17,Mirandes,Girona,,,,,,,3.8,3,2.15,3.7,2.95,2.2,3,3.2,2.2,3.3,3.2,2.2,3.56,3.29,2.27,3.2,3,2.25,3.5,3.2,2.25,47,3.8,3.34,3.29,3.1,2.27,2.21,41,2.23,2.13,1.74,1.67,20,0.25,1.98,1.93,1.94,1.9
SP2,26/02/17,Almeria,UCAM Murcia,,,,,,,2.1,3.1,3.8,2,3,4.33,2,3.2,3.5,2.1,2.88,4,2.18,2.99,4.31,2.05,3,3.75,2.1,3.1,4,44,2.18,2.08,3.2,2.97,4.33,3.83,35,2.69,2.54,1.5,1.47,20,-0.25,1.81,1.77,2.13,2.07
SP2,26/02/17,Numancia,Cadiz,,,,,,,2.05,2.88,4.33,2.05,2.9,4.33,2.1,3.1,3.3,2.1,2.9,4,2.18,3.04,4.2,2.15,2.9,3.6,2.1,2.9,4.2,47,2.18,2.09,3.2,2.98,4.33,3.82,40,2.5,2.41,1.58,1.53,20,-0.25,1.81,1.76,2.16,2.08
SP2,26/02/17,Sevilla B,Levante,,,,,,,3.3,3.1,2.3,3.5,2.95,2.3,3,3,2.3,3.3,3.1,2.25,3.62,3.17,2.31,3,3.1,2.3,3.4,3.1,2.3,47,3.62,3.29,3.17,3.04,2.31,2.26,40,2.39,2.29,1.63,1.58,20,0.25,1.93,1.88,2,1.94
SP2,26/02/17,Valladolid,Lugo,,,,,,,1.75,3.2,5.5,1.78,3.3,5.25,1.75,3.4,4.3,1.75,3.25,5,1.79,3.42,5.68,1.8,3.3,4.33,1.8,3.5,5,47,1.83,1.77,3.5,3.31,5.68,4.85,44,2.25,2.11,1.76,1.68,20,-0.5,1.82,1.78,2.14,2.05
SP2,26/02/17,Zaragoza,Gimnastic,,,,,,,1.83,3.1,5,1.8,3.2,5.25,1.85,3.4,3.8,1.85,3.2,4.75,1.9,3.34,5.01,1.85,3.2,4.2,1.87,3.3,4.75,47,1.93,1.84,3.4,3.24,5.25,4.49,40,2.31,2.23,1.66,1.61,20,-0.5,1.9,1.86,2.02,1.96
T1,24/02/17,Kasimpasa,Bursaspor,,,,,,,1.95,3.4,3.9,1.95,3.4,3.6,1.9,3.45,3.8,1.95,3.3,4,2.02,3.35,4.32,2,3.4,3.5,1.95,3.5,3.8,48,2.04,1.97,3.55,3.36,4.33,3.87,46,1.89,1.8,2.05,1.98,23,-0.5,2.04,1.97,1.93,1.86
T1,24/02/17,Rizespor,Kayserispor,,,,,,,2.1,3.2,3.6,2.25,3.1,3.2,2.3,3.3,2.9,2.15,3,3.75,2.22,3.15,3.89,2.3,3.1,3.1,2.2,3.2,3.4,49,2.3,2.19,3.3,3.12,3.89,3.5,44,2.3,2.18,1.72,1.66,23,-0.25,1.95,1.86,2.07,1.98
T1,25/02/17,Akhisar Belediyespor,Antalyaspor,,,,,,,2.45,3.25,2.88,2.45,3.1,2.9,2.6,3.2,2.6,2.5,3,2.9,2.62,3.14,3.08,2.5,3.1,2.8,2.45,3.13,3,48,2.62,2.5,3.28,3.08,3.1,2.94,40,2.38,2.3,1.65,1.58,20,0,1.81,1.76,2.16,2.07
T1,25/02/17,Alanyaspor,Adanaspor,,,,,,,1.95,3.5,3.8,2,3.6,3.3,2.1,3.3,3.3,2,3.4,3.6,2.03,3.66,3.86,2.05,3.5,3.25,2,3.6,3.5,49,2.11,2.01,3.67,3.5,3.86,3.55,46,1.8,1.69,2.23,2.12,21,-0.5,2.05,2,1.89,1.83
T1,25/02/17,Konyaspor,Trabzonspor,,,,,,,2.9,3.1,2.5,2.9,3.1,2.45,2.6,3.2,2.6,3,3,2.5,3.16,3.08,2.6,2.88,3,2.5,3,3.1,2.5,48,3.16,2.98,3.22,3.02,2.7,2.52,40,2.58,2.45,1.57,1.52,24,0,2.15,2.07,1.82,1.77
T1,26/02/17,Gaziantepspor,Fenerbahce,,,,,,,4.75,3.6,1.73,5,3.5,1.67,5.1,3.6,1.65,4.75,3.6,1.75,5.03,3.77,1.77,4.8,3.75,1.65,4.75,3.6,1.75,48,5.1,4.82,3.78,3.59,1.83,1.73,44,2.09,2.01,1.86,1.77,20,0.75,1.93,1.85,2.05,1.97
T1,26/02/17,Karabukspor,Genclerbirligi,,,,,,,2.3,3.2,2.9,2.35,3.1,3,2.4,3.2,2.85,2.38,3.1,3.1,2.38,3.31,3.3,2.5,3.1,2.8,2.4,3.2,3,48,2.5,2.37,3.31,3.16,3.3,3.06,40,2.3,2.24,1.68,1.62,20,-0.25,2.12,2.04,1.87,1.79
T1,26/02/17,Osmanlispor,Buyuksehyr,,,,,,,2.5,3.2,2.8,2.5,3.2,2.7,2.6,3.2,2.6,2.62,3,2.8,2.76,3.15,2.9,2.5,3.1,2.8,2.63,3.2,2.75,47,2.76,2.62,3.3,3.08,2.9,2.77,42,2.32,2.24,1.7,1.62,21,0,1.93,1.86,2.02,1.95
T1,27/02/17,Galatasaray,Besiktas,,,,,,,2.88,3.3,2.4,2.8,3.3,2.4,2.6,3.2,2.6,2.9,3.3,2.4,3.07,3.36,2.49,2.9,3.3,2.3,2.88,3.4,2.4,46,3.07,2.88,3.4,3.28,2.65,2.41,45,1.93,1.85,2,1.92,20,0.25,1.81,1.75,2.2,2.07
